Data Atual,,12/06/2020,,,,,,,,,,,,,,,,,,,,,,,,,,,,,,,,,,,,,,,,,,,,,,,,,,,,,,,,,,,,,,,,,,,,,,,,,,,,,,,,,173111.50,173215.69,173356.03,173623.83,173934.12,174149.93,174127.48,174577.72,175608.72,155608.72,155463.27,155414.68,155637.42,155849.46,156400.80,156207.74,156604.69,156500.23,156460.44,157207.89,139330.73,139299.39,139156.45,139569.01,139796.02,140060.35,140334.10,141106.27,141323.16,141512.26,141664.82,141274.80,142374.60,152405.25,162475.67,162604.59,162953.63,162966.21,163373.64,163823.28,163803.74,163698.58,164072.70,164679.06,164722.57,165237.42,165981.91,166195.81,166280.50,166409.75,167074.71,167378.87,146962.75,147055.85,146946.23,146958.76,146918.53,147764.85,147632.54,147040.67,147786.17,148143.00,148134.71,148446.98,148436.75,148931.46,149124.41,148992.52,149806.42,150719.31,151241.23,151273.62,129274.97,129441.64,129264.12,129523.84,129462.58,129866.87,130010.33,130192.22,130624.20,130642.66,130688.11,130817.64,131054.03,131381.49,131588.17,131943.71,131820.86,132173.63,132282.49,132590.46,132702.72,133156.20,133049.11,132955.42,133040.99,133461.89,133161.14,133175.32,132503.88,129778.60,129429.72,170319.32,170989.20,166995.39,160309.48,149232.61,142227.61,149057.95,145275.29,149172.69,150727.96,154157.37,154971.98,153303.93,152674.00,153583.69,154075.46,155735.24,156507.15,158092.21,,,,,,,,,,,,
ATIVO,CLASSE,BCO,Data Contrata‹o,Data Aporte,Dt Vencimento,Valor,Notional Atualizado,DU,06/03/2017,07/03/2017,08/03/2017,14/03/2017,27/03/2017,17/04/2017,15/05/2017,16/05/2017,25/05/2017,19/06/2017,05/07/2017,11/07/2017,21/07/2017,28/07/2017,07/08/2017,07/08/2017,01/09/2017,14/09/2017,21/09/2017,27/09/2017,28/09/2017,29/09/2017,05/10/2017,09/10/2017,17/10/2017,25/10/2017,31/10/2017,07/11/2017,14/11/2017,16/11/2017,22/11/2017,27/11/2017,01/12/2017,04/12/2017,14/12/2017,22/12/2017,28/12/2017,16/01/2018,22/01/2018,23/01/2018,26/01/2018,29/01/2018,01/02/2018,06/02/2018,08/02/2018,16/02/2018,20/02/2018,28/02/2018,01/03/2018,05/03/2018,06/03/2018,08/03/2018,12/03/2018,13/03/2018,14/03/2018,15/03/2018,16/03/2018,22/03/2018,26/03/2018,29/03/2018,02/04/2018,09/04/2018,16/04/2018,02/05/2018,03/05/2018,09/05/2018,11/05/2018,21/05/2018,25/05/2018,28/05/2018,19/06/2018,21/06/2018,26/06/2018,28/06/2018,29/06/2018,02/07/2018,03/07/2018,10/07/2018,17/07/2018,24/07/2018,30/07/2018,06/08/2018,28/08/2018,29/08/2018,06/09/2018,09/09/2018,17/09/2018,01/10/2018,11/10/2018,15/10/2018,18/10/2018,25/10/2018,29/10/2018,07/11/2018,21/11/2018,22/11/2018,26/11/2018,17/12/2018,02/01/2019,07/01/2019,14/01/2019,23/01/2019,28/01/2019,01/02/2019,04/02/2019,11/02/2019,22/02/2019,06/03/2019,08/03/2019,26/03/2019,02/04/2019,12/04/2019,22/04/2019,10/05/2019,15/05/2019,21/05/2019,24/05/2019,30/05/2019,31/05/2019,10/06/2019,17/06/2019,24/06/2019,27/06/2019,01/07/2019,08/07/2019,15/07/2019,22/07/2019,24/07/2019,26/07/2019,29/07/2019,06/08/2019,09/08/2019,14/08/2019,16/08/2019,02/09/2019,05/09/2019,10/09/2019,13/09/2019,16/09/2019,27/09/2019,30/09/2019,07/10/2019,14/10/2019,30/10/2019,01/11/2019,04/11/2019,06/11/2019,12/11/2019,19/11/2019,27/11/2019,02/12/2019,06/12/2019,09/12/2019,11/12/2019,16/12/2019,18/12/2019,19/12/2019,20/12/2019,21/12/2019,26/12/2019,02/01/2020,06/01/2020,08/01/2020,13/01/2020,14/01/2020,16/01/2020,17/01/2020,22/01/2020,24/01/2020,27/01/2020,30/01/2020,06/02/2020,11/02/2020,17/02/2020,26/02/2020,28/02/2020,02/03/2020,03/03/2020,04/03/2020,09/03/2020,12/03/2020,16/03/2020,24/03/2020,30/03/2020,06/04/2020,08/04/2020,13/04/2020,23/04/2020,30/04/2020,07/05/2020,14/05/2020,19/05/2020,22/05/2020,26/05/2020,01/06/2020,03/06/2020,%aa liquido,% Carteira,,PnL,,,,,,,,
COE - MULTI RETORNO,DERIVATIVOS,ITAU,02/03/2017,,06/03/2019, R$ 25000.00 , R$ 25000.00 ,504,29686.01,31541.71,31541.71,32259.08,34307.74,34307.74,29686.01,29686.01,29625.09,29625.09,29625.09,29625.09,34307.74,29625.09,29686.01,29686.01,29686.01,29686.01,29686.01,25008.52,25008.52,25008.52,29686.01,25008.52,25008.52,25008.52,25008.52,25008.52,25008.52,29625.09,25008.52,25008.52,25008.52,25008.52,25008.52,25008.52,25008.52,25008.52,25054.52,25054.52,29686.01,29686.01,25008.52,25008.52,25008.52,25008.52,25008.52,25008.52,25008.52,25008.52,25008.52,25008.52,25008.52,25008.52,25008.52,25008.52,25008.52,25008.52,25008.52,25008.52,25008.52,25008.52,25008.52,25008.52,25008.52,25008.52,25008.52,25008.52,25008.52,25008.52,25008.52,25008.52,25008.52,25008.52,25008.52,25008.52,25008.52,25008.52,25008.52,25008.52,25008.52,25008.52,25008.52,25008.52,25008.52,25008.52,25008.52,25008.52,25008.52,25008.52,25008.52,25008.52,25008.52,25008.52,25008.52,25008.52,25008.52,25008.52,25008.52,25008.52,25008.52,25008.52,25008.52,25008.52,25008.52,25008.52,25008.52,0.00,0.00,0.00,0.00,0.00,0.00,0.00,0.00,0.00,0.00,0.00,0.00,0.00,0.00,0.00,0.00,0.00,0.00,0.00,0.00,0.00,0.00,0.00,0.00,0.00,0.00,0.00,0.00,0.00,0.00,0.00,0.00,0.00,0.00,0.00,0.00,0.00,0.00,0.00,0.00,0.00,0.00,0.00,0.00,0.00,0.00,0.00,0.00,0.00,0.00,0.00,0.00,0.00,0.00,0.00,0.00,0.00,0.00,0.00,0.00,0.00,0.00,0.00,0.00,0.00,0.00,0.00,0.00,0.00,0.00,0.00,0.00,,,,,,,,,,,,,,,,,,0.02%,0.000%,0,,0.00,0.00%,notional atualizado,,,,,
COE - IBOVESPA PLUS,DERIVATIVOS,ITAU,31/08/2016,,, R$ 25000.00 , R$ -   ,947,28405.96,28149.31,28149.31,27974.95,27284.54,27074.12,29035.64,29035.64,27281.01,26428.77,29625.09,27020.83,27791.18,27824.09,28522.73,28522.73,30064.80,0.00,0.00,0.00,0.00,0.00,0.00,0.00,0.00,0.00,0.00,0.00,0.00,0.00,0.00,0.00,0.00,0.00,0.00,0.00,0.00,0.00,0.00,0.00,0.00,0.00,0.00,0.00,0.00,0.00,0.00,0.00,0.00,0.00,0.00,0.00,0.00,0.00,0.00,0.00,0.00,0.00,0.00,0.00,0.00,0.00,0.00,0.00,0.00,0.00,0.00,0.00,0.00,0.00,0.00,0.00,0.00,0.00,0.00,0.00,0.00,0.00,0.00,0.00,0.00,0.00,0.00,0.00,0.00,0.00,0.00,0.00,0.00,0.00,0.00,0.00,0.00,0.00,0.00,0.00,0.00,0.00,0.00,0.00,0.00,0.00,0.00,0.00,0.00,0.00,0.00,0.00,0.00,0.00,0.00,0.00,0.00,0.00,0.00,0.00,0.00,0.00,0.00,0.00,0.00,0.00,0.00,0.00,0.00,0.00,0.00,0.00,0.00,0.00,0.00,0.00,0.00,0.00,0.00,0.00,0.00,0.00,0.00,0.00,0.00,0.00,0.00,0.00,0.00,0.00,0.00,0.00,0.00,0.00,0.00,0.00,0.00,0.00,0.00,0.00,0.00,0.00,0.00,0.00,0.00,0.00,0.00,0.00,0.00,0.00,0.00,0.00,0.00,0.00,0.00,0.00,0.00,0.00,0.00,0.00,0.00,0.00,0.00,,,,,,,,,,,,,,,,,,5.03%,0.000%,0,,0.00,#DIV/0!, R$ 694570.11 ,,,,,
COE - IPCA MAX,DERIVATIVOS,ITAU,07/03/2014,,, R$ 50000.00 , R$ -   ,1573,70414.81,70442.22,70442.22,70475.83,70616.93,70757.63,70882.82,0.00,0.00,0.00,0.00,0.00,0.00,0.00,0.00,0.00,0.00,0.00,0.00,0.00,0.00,0.00,0.00,0.00,0.00,0.00,0.00,0.00,0.00,0.00,0.00,0.00,0.00,0.00,0.00,0.00,0.00,0.00,0.00,0.00,0.00,0.00,0.00,0.00,0.00,0.00,0.00,0.00,0.00,0.00,0.00,0.00,0.00,0.00,0.00,0.00,0.00,0.00,0.00,0.00,0.00,0.00,0.00,0.00,0.00,0.00,0.00,0.00,0.00,0.00,0.00,0.00,0.00,0.00,0.00,0.00,0.00,0.00,0.00,0.00,0.00,0.00,0.00,0.00,0.00,0.00,0.00,0.00,0.00,0.00,0.00,0.00,0.00,0.00,0.00,0.00,0.00,0.00,0.00,0.00,0.00,0.00,0.00,0.00,0.00,0.00,0.00,0.00,0.00,0.00,0.00,0.00,0.00,0.00,0.00,0.00,0.00,0.00,0.00,0.00,0.00,0.00,0.00,0.00,0.00,0.00,0.00,0.00,0.00,0.00,0.00,0.00,0.00,0.00,0.00,0.00,0.00,0.00,0.00,0.00,0.00,0.00,0.00,0.00,0.00,0.00,0.00,0.00,0.00,0.00,0.00,0.00,0.00,0.00,0.00,0.00,0.00,0.00,0.00,0.00,0.00,0.00,0.00,0.00,0.00,0.00,0.00,0.00,0.00,0.00,0.00,0.00,0.00,0.00,0.00,0.00,0.00,0.00,0.00,,,,,,,,,,,,,,,,,,5.75%,0.000%,0,,0.00,#DIV/0!,valor total,,,,,
FUNDO EXCELLENCE DI,FUNDO RF,ITAU,01/09/2017,,, R$ 20000.00 , R$ -   ,695,0.00,0.00,0.00,0.00,0.00,0.00,0.00,0.00,0.00,0.00,0.00,0.00,0.00,0.00,0.00,0.00,0.00,20017.05,20041.23,20069.56,20076.16,0.00,0.00,0.00,0.00,0.00,0.00,0.00,0.00,0.00,0.00,0.00,0.00,0.00,0.00,0.00,0.00,0.00,0.00,0.00,0.00,0.00,0.00,0.00,0.00,0.00,0.00,0.00,0.00,0.00,0.00,0.00,0.00,0.00,0.00,0.00,0.00,0.00,0.00,0.00,0.00,0.00,0.00,0.00,0.00,0.00,0.00,0.00,0.00,0.00,0.00,0.00,0.00,0.00,0.00,0.00,0.00,0.00,0.00,0.00,0.00,0.00,0.00,0.00,0.00,0.00,0.00,0.00,0.00,0.00,0.00,0.00,0.00,0.00,0.00,0.00,0.00,0.00,0.00,0.00,0.00,0.00,0.00,0.00,0.00,0.00,0.00,0.00,0.00,0.00,0.00,0.00,0.00,0.00,0.00,0.00,0.00,0.00,0.00,0.00,0.00,0.00,0.00,0.00,0.00,0.00,0.00,0.00,0.00,0.00,0.00,0.00,0.00,0.00,0.00,0.00,0.00,0.00,0.00,0.00,0.00,0.00,0.00,0.00,0.00,0.00,0.00,0.00,0.00,0.00,0.00,0.00,0.00,0.00,0.00,0.00,0.00,0.00,0.00,0.00,0.00,0.00,0.00,0.00,0.00,0.00,0.00,0.00,0.00,0.00,0.00,0.00,0.00,0.00,0.00,0.00,0.00,0.00,0.00,,,,,,,,,,,,,,,,,,0.14%,0.000%,0,,0.00,#DIV/0!,456277.21,,,,,
PRE LONGO PRAZO RF,FUNDO RF,ITAU,02/03/2017,,, R$ 20000.00 , R$ 20000.00 ,822,20006.45,20011.77,20011.77,20044.37,20159.62,20252.94,20443.65,20443.65,20197.71,20458.04,20553.46,20587.27,20791.72,20796.87,20945.89,20945.89,21161.40,21161.40,21256.33,21289.67,21266.51,21266.51,21287.51,21291.58,21293.52,21347.82,21302.43,21285.24,21246.78,21220.46,21333.17,21343.08,21307.60,21327.02,21408.22,21433.75,21477.77,21638.12,21639.91,21636.35,21682.93,21723.82,21710.74,21685.14,21719.57,21762.63,21798.81,21934.37,21957.52,21993.43,22024.01,22031.89,22038.38,22046.42,22070.62,22065.75,22062.50,22087.05,22132.30,22164.95,22182.79,22154.63,22185.05,22253.11,22242.67,22164.24,22193.97,21994.16,22016.32,21970.73,21672.39,21746.79,21716.93,21792.08,21855.82,21886.97,21929.63,21965.61,21983.46,22079.65,22147.33,22172.82,21987.10,21987.10,21871.66,21932.32,21964.70,22170.80,22530.05,22517.97,22706.52,22708.61,22768.20,22831.70,22912.23,22945.46,22989.62,23146.44,23263.25,23323.65,23312.12,23405.62,23417.60,23513.54,23544.86,23453.82,23661.62,23654.01,23649.54,23768.33,23809.05,23816.01,23853.17,23973.23,24007.12,23957.12,24044.71,24173.65,24189.98,24361.09,24474.52,24591.61,24586.14,24642.42,24715.93,24790.59,24804.72,24846.56,24840.36,24854.62,24807.57,24903.64,24911.60,24886.29,24886.76,24948.36,24973.55,24995.11,24962.66,25154.68,25167.82,25222.62,25388.64,25523.72,25519.93,25542.53,24721.27,24675.19,24612.77,24561.31,24601.94,24634.86,24678.64,24681.03,24699.30,24617.00,24638.84,24587.01,24618.91,24647.06,24714.49,24729.24,24732.05,24771.33,24751.34,24815.69,24774.50,24819.00,24838.59,24848.91,25010.46,0.00,0.00,0.00,0.00,0.00,0.00,0.00,0.00,,,,,,,,,,,,,,,,,,7.09%,0.000%,0,,31.32,0.41%,,,,,,
CARTEIRA ITAU,,ITAU,06/02/2020,,, R$ 23701.73 , R$ 24401.73 ,86,,,,,,,,,,,,,,,,,,,,,,,,,,,,,,,,,,,,,,,,,,,,,,,,,,,,,,,,,,,,,,,,,,,,,,,,,,,,,,,,,,,,,,,,,,,,,,,,,,,,,,,,,,,,,,,,,,,,,,,,,,,,,,,,,,,,,,,,,,,,,,,,,,,,,,,,,,,,,,,,,,,,,,,,,,,,23701.73,23628.26,24486.56,24481.50,24036.35,23842.73,23935.74,24182.83,24089.29,23339.36,21647.71,21274.50,22362.51,22065.24,22229.29,22522.34,23050.72,23279.94,23098.90,23100.50,23325.64,23461.16,23636.38,23717.24,23867.13,-6.28%,4.293%,-0.002698333,-93.54,,,,,,,,
MULTIFUNDOS MM,FUNDO MM,ITAU,02/03/2017,01/03/2018,, R$ 6450.00 , R$ 25091.25 ,574,6465.91,6468.48,6468.48,6472.54,6483.02,6507.94,6582.08,6582.08,6438.24,6514.24,6553.37,6557.42,6627.98,6622.59,6689.87,6689.87,6783.16,6783.16,6827.44,6841.67,6838.89,6838.89,6862.54,6865.49,6873.99,6876.14,6876.11,6864.93,6860.13,6856.38,6878.69,6893.64,6885.46,6882.91,6889.46,6905.36,6920.30,6964.44,6993.95,6999.96,7024.54,7027.37,7044.12,7039.79,7030.29,7039.11,7057.31,7093.61,25091.25,25088.31,25111.63,25138.63,25151.26,25196.68,25226.48,25225.17,25219.60,25223.25,25286.47,25276.21,25265.42,25317.74,25341.85,25446.80,25449.77,25433.54,25436.15,25413.71,25420.98,25420.98,25484.04,25545.26,25551.45,25561.21,25550.19,25565.55,25573.06,25614.00,25616.54,25706.89,25725.63,25746.51,25729.77,25729.77,25710.86,25710.86,25691.34,25783.18,26005.41,25964.53,26036.63,26066.25,26062.48,26131.15,26151.23,26151.23,26148.24,26159.36,26291.72,26437.31,26497.60,26624.73,26693.45,26733.78,26814.81,26717.52,26752.44,26784.25,26744.33,26785.97,26809.20,26797.78,26778.07,26934.91,26902.06,26825.04,26929.16,27015.15,27015.15,27114.94,27250.89,27294.65,27332.02,27349.07,27496.40,27616.17,27687.27,27681.99,27687.91,27662.25,27736.68,27808.77,27787.59,27719.84,27727.81,27769.65,27781.89,27745.14,27759.42,27806.25,27838.26,27823.89,27891.52,28097.31,28173.53,28165.11,28140.19,28093.42,28080.06,28117.42,28118.81,28191.25,28221.41,28287.15,28382.89,28442.11,28399.92,28441.49,28440.08,28504.36,28601.98,28607.16,28645.47,28658.18,28667.86,28737.00,28737.00,28869.17,28891.93,28927.88,28869.86,28869.09,28836.84,28907.27,28922.06,28690.31,28628.59,28665.24,28800.33,28766.70,28449.17,27813.42,27656.56,28140.13,28095.85,28159.80,28229.80,28543.44,28628.02,28687.94,28697.51,28719.95,28768.01,28869.62,28908.65,28951.15,6.48%,5.069%,0.003286206,-33.63,81.03,0.15%,-34.31%,,,,,
PERSON PREMIUM DI,FUNDO REFERENCIADO,ITAU,02/03/2017,,, R$ 16720.00 , R$ -   ,822,16721.56,16724.48,16724.48,16737.99,16800.56,16895.18,16988.67,16988.67,17031.02,17113.49,17171.50,17190.77,17229.00,17248.38,17278.38,0.00,0.00,0.00,0.00,0.00,0.00,0.00,0.00,0.00,0.00,0.00,0.00,0.00,0.00,0.00,0.00,0.00,0.00,0.00,0.00,0.00,0.00,0.00,0.00,0.00,0.00,0.00,0.00,0.00,0.00,0.00,0.00,0.00,0.00,0.00,0.00,0.00,0.00,0.00,0.00,0.00,0.00,0.00,0.00,0.00,0.00,0.00,0.00,0.00,0.00,0.00,0.00,0.00,0.00,0.00,0.00,0.00,0.00,0.00,0.00,0.00,0.00,0.00,0.00,0.00,0.00,0.00,0.00,0.00,0.00,0.00,0.00,0.00,0.00,0.00,0.00,0.00,0.00,0.00,0.00,0.00,0.00,0.00,0.00,0.00,0.00,0.00,0.00,0.00,0.00,0.00,0.00,0.00,0.00,0.00,0.00,0.00,0.00,0.00,0.00,0.00,0.00,0.00,0.00,0.00,0.00,0.00,0.00,0.00,0.00,0.00,0.00,0.00,0.00,0.00,0.00,0.00,0.00,0.00,0.00,0.00,0.00,0.00,0.00,0.00,0.00,0.00,0.00,0.00,0.00,0.00,0.00,0.00,0.00,0.00,0.00,0.00,0.00,0.00,0.00,0.00,0.00,0.00,0.00,0.00,0.00,0.00,0.00,0.00,0.00,0.00,0.00,0.00,0.00,0.00,0.00,0.00,0.00,0.00,0.00,0.00,0.00,0.00,0.00,,,,,,,,,,,,,,,,,,1.01%,0.000%,0,0.00,0.00,#DIV/0!,,,,,,
,,ITAU,14/11/2017,,, R$ 35000.00 , R$ -   ,646,,,,,,,,,,,,,,,,,,,,,,,,,,,,,18000.00,35000.26,35007.55,35021.36,0.00,0.00,0.00,0.00,0.00,0.00,0.00,0.00,0.00,0.00,0.00,0.00,0.00,0.00,0.00,0.00,0.00,0.00,0.00,0.00,0.00,0.00,0.00,0.00,0.00,0.00,0.00,0.00,0.00,0.00,0.00,0.00,0.00,0.00,0.00,0.00,0.00,0.00,0.00,0.00,0.00,0.00,0.00,0.00,0.00,0.00,0.00,0.00,0.00,0.00,0.00,0.00,0.00,0.00,0.00,0.00,0.00,0.00,0.00,0.00,0.00,0.00,0.00,0.00,0.00,0.00,0.00,0.00,0.00,0.00,0.00,0.00,0.00,0.00,0.00,0.00,0.00,0.00,0.00,0.00,0.00,0.00,0.00,0.00,0.00,0.00,0.00,0.00,0.00,0.00,0.00,0.00,0.00,0.00,0.00,0.00,0.00,0.00,0.00,0.00,0.00,0.00,0.00,0.00,0.00,0.00,0.00,0.00,0.00,0.00,0.00,0.00,0.00,0.00,0.00,0.00,0.00,0.00,0.00,0.00,0.00,0.00,0.00,0.00,0.00,0.00,0.00,0.00,0.00,0.00,0.00,0.00,0.00,0.00,0.00,0.00,0.00,0.00,0.00,0.00,0.00,0.00,0.00,0.00,0.00,0.00,0.00,,,,,,,,,,,,,,,,,,0.02%,0.000%,0,0.00,0.00,#DIV/0!,,,,,,
ITAU EXCELLENCE REF DI,FUNDO RF,ITAU,05/03/2018,,, R$ 5050.00 , R$ 9996.99 ,572,,,,,,,,,,,,,,,,,,,,,,,,,,,,,,,,,,,,5050.14,5051.32,5064.86,5070.39,5071.37,5074.36,5075.32,5077.28,5081.15,5083.10,5086.82,5088.68,5094.29,5095.23,5097.10,11098.07,11100.25,11103.13,11104.54,11105.94,11107.58,11109.12,11117.40,11122.36,11129.29,11133.94,11145.06,11155.00,11176.68,11178.68,11186.54,11190.49,11202.47,11210.39,11212.41,11245.97,11250.03,11254.10,11260.21,11262.22,11264.25,11266.29,11276.49,11286.68,11296.89,11305.04,11315.28,11352.49,11352.49,11367.40,11369.49,11380.05,11401.06,11417.94,11420.09,11426.42,11437.00,11441.23,11453.91,11472.92,11475.03,11479.29,11518.43,11539.94,11546.38,11557.15,11572.25,11578.74,11587.49,11589.67,11600.74,11620.13,11642.25,11646.68,11673.18,11684.28,11702.06,11713.46,11742.49,11749.24,11758.23,11764.94,11773.86,11776.10,11789.49,11800.65,11809.55,11816.30,11820.76,11832.03,11843.28,10753.60,10757.68,10761.75,10763.81,10775.69,10781.35,10787.00,10790.78,10811.14,10816.81,10822.52,10828.59,10830.48,10846.56,10848.30,10856.99,10865.72,10886.34,10889.29,10893.91,0.00,0.00,0.00,0.00,0.00,0.00,0.00,0.00,0.00,0.00,0.00,0.00,0.00,0.00,0.00,0.00,0.00,0.00,0.00,0.00,0.00,0.00,0.00,0.00,0.00,0.00,0.00,0.00,0.00,0.00,0.00,0.00,0.00,,,,,,,,,,,,,,,,,,3.86%,0.000%,0,0.00,2.18,0.08%,,,,,,
CDB-DI,RF,ITAU,08/03/2019,,, R$ 10000.00 , R$ 10000.00 ,319,,,,,,,,,,,,,,,,,,,,,,,,,,,,,,,,,,,,,,,,,,,,,,,,,,,,,,,,,,,,,,,,,,,,,,,,,,,,,,,,,,,,,,,,,,,,,,,,,,,,,,,,,,,,,10000.00,10013.49,10026.76,10046.88,10056.29,10080.81,10086.49,10094.05,10099.73,10107.31,10109.20,10120.59,10130.09,10137.70,10143.40,10147.22,10156.75,10166.29,10175.84,10179.67,10183.49,10185.41,10196.47,10201.78,10207.11,10210.66,10230.20,10243.14,10248.65,10254.17,10256.01,10271.68,10273.37,10281.84,10290.31,10310.68,10313.92,10318.56,0.00,0.00,0.00,0.00,0.00,0.00,0.00,0.00,0.00,0.00,0.00,0.00,0.00,0.00,0.00,0.00,0.00,0.00,0.00,0.00,0.00,0.00,0.00,0.00,0.00,0.00,0.00,0.00,0.00,0.00,0.00,0.00,0.00,,,,,,,,,,,,,,,,,,2.51%,0.000%,0,0.00,0.00,,,,,,,
ITAU Person REF DI P,FUNDO RF,ITAU,28/12/2017,,, R$ 15000.00 , R$ 10000.00 ,616,,,,,,,,,,,,,,,,,,,,,,,,,,,,,,,,,,,,,15000.00,25029.94,25054.52,25060.34,25080.64,25090.03,25101.66,25121.16,25130.39,25148.04,25156.87,25183.46,25187.85,25196.72,25201.09,25210.06,25219.02,25223.49,25227.62,25232.12,25236.38,25254.29,25262.30,25275.21,25279.52,25301.06,25322.62,25369.75,25374.10,25391.15,25399.76,25425.78,25443.00,25447.38,10481.70,10485.28,10488.86,10494.42,10496.18,10505.01,10506.86,10516.12,10525.38,10534.64,10542.03,10551.32,10585.09,10585.09,10594.51,10596.36,10605.78,10624.53,10639.59,10641.48,10647.14,10656.54,10660.31,10671.61,0.00,0.00,0.00,0.00,0.00,0.00,0.00,0.00,0.00,0.00,0.00,0.00,0.00,0.00,0.00,0.00,0.00,0.00,0.00,0.00,0.00,0.00,0.00,0.00,0.00,0.00,0.00,0.00,0.00,0.00,0.00,0.00,0.00,0.00,0.00,0.00,0.00,0.00,0.00,0.00,0.00,0.00,0.00,0.00,0.00,0.00,0.00,0.00,0.00,0.00,0.00,0.00,0.00,0.00,0.00,0.00,0.00,0.00,0.00,0.00,0.00,0.00,0.00,0.00,0.00,0.00,0.00,0.00,0.00,0.00,0.00,0.00,0.00,0.00,0.00,0.00,0.00,0.00,0.00,0.00,0.00,0.00,0.00,0.00,0.00,,,,,,,,,,,,,,,,,,2.69%,0.000%,0,0.00,0.00,#DIV/0!,,,,,,
PERSON BDR I FICFIA,FUNDO A‚ÍES,ITAU,02/03/2017,,, R$ 6830.00 , R$ 6830.00 ,822,6762.95,6708.46,6708.46,6786.27,6578.74,6619.68,6728.77,6728.77,6992.63,6973.30,6984.38,6886.10,6705.36,6741.80,6800.34,6800.34,6791.71,6791.71,6866.08,6918.39,6971.20,6971.20,6917.32,6994.76,7050.81,7216.47,7316.15,7374.08,7366.70,7370.59,7273.53,7271.97,7458.33,7419.19,7637.09,7691.05,7671.72,7594.89,7628.38,7679.06,7600.95,7591.71,7564.15,7397.73,7330.87,7383.81,7412.48,7522.11,7452.01,7357.85,7400.12,7377.58,7485.93,7560.34,7459.12,7446.25,7474.27,7390.61,7166.49,7297.09,7295.42,7339.94,7532.90,7657.22,7716.41,7835.80,7960.43,8301.57,8075.32,8107.90,8250.76,8295.33,8289.62,8368.27,8433.09,8488.91,8524.73,8528.36,8628.28,8487.68,8375.94,8516.48,9491.87,9491.87,9478.77,9354.78,9541.87,9243.36,8630.47,8463.29,8377.89,8258.67,8074.84,8425.33,8339.96,8302.13,8196.27,8185.95,7948.46,7689.57,7782.84,8012.51,8007.24,7902.81,7941.06,8019.00,8300.05,8452.82,8524.09,8497.93,8643.28,8799.24,8862.16,8774.61,8874.06,8912.70,8753.15,8682.37,8657.12,8679.85,8806.65,8766.97,8741.04,8788.35,8876.59,8735.59,8661.46,8768.97,8826.75,8873.96,8766.04,8870.20,8922.25,8732.97,9214.65,9247.17,9452.96,9584.34,9576.80,9627.04,9632.60,9343.34,9571.61,9557.84,9606.73,9655.97,9795.06,10226.31,10309.43,10448.38,10348.75,10279.38,10302.25,10265.65,10309.65,10196.73,10262.27,10183.34,10345.21,10362.66,10234.91,10386.12,10371.96,10498.41,10645.33,10660.73,10748.27,10803.83,10707.54,10686.03,10658.05,10931.15,11142.94,11096.31,11144.93,10180.90,9885.92,10528.63,10381.13,10487.98,9784.15,9744.71,8843.68,9914.22,10111.58,10631.42,10771.99,11221.73,11656.79,11836.75,11933.17,12160.01,11751.77,11661.37,11557.24,11398.76,17.00%,1.946%,0.003307858,106.85,38.25,-1.30%,,,,,,
SUPER PREMIUM RF,FUNDO RF,ITAU,30/08/2016,,, R$ 58343.45 , R$ 16400.00 ,948,61347.20,61389.86,61389.86,61482.18,61677.96,61981.96,42269.92,42269.92,42327.59,42539.29,42692.60,42742.52,42851.63,42899.92,42987.91,42987.91,43408.39,43408.39,43465.88,43511.00,43519.66,43519.66,43570.55,43590.63,43643.58,43704.62,43738.87,43777.14,43823.32,43832.46,43872.53,43901.43,43936.43,43947.23,44022.39,44076.87,44105.60,44214.40,44247.88,44256.39,44284.12,44293.73,44309.45,44341.49,44360.19,44398.45,44419.37,44473.66,44483.76,44504.12,44515.20,44533.47,44551.76,44560.64,44569.75,44576.80,44584.42,44618.29,44643.83,44670.83,44681.34,44717.54,44762.70,44853.08,44859.96,44882.99,44899.98,44929.99,44961.22,44966.69,45064.13,45085.08,45100.64,45129.36,45143.20,45152.30,45162.69,45203.20,45246.26,45290.11,45326.95,45369.95,45682.98,25682.98,25705.61,25710.74,25735.48,25784.74,25828.54,25833.96,25851.56,25876.95,25888.28,25919.96,18638.72,18642.75,18649.91,18705.85,18744.06,18756.05,18772.39,18799.26,18809.84,18826.57,18830.93,18845.20,18877.96,18899.59,18906.33,18949.22,18966.94,18994.98,19013.31,19061.03,19072.44,19085.36,19097.43,19113.53,19117.38,19141.40,19160.73,19177.17,19186.74,19194.84,19213.89,19232.86,0.00,0.00,0.00,0.00,0.00,0.00,0.00,0.00,0.00,0.00,0.00,0.00,0.00,0.00,0.00,0.00,0.00,0.00,0.00,0.00,0.00,0.00,0.00,0.00,0.00,0.00,0.00,0.00,0.00,0.00,0.00,0.00,0.00,0.00,0.00,0.00,0.00,0.00,0.00,0.00,0.00,0.00,0.00,0.00,0.00,0.00,0.00,0.00,0.00,0.00,0.00,0.00,0.00,0.00,,,,,,,,,,,,,,,,,4.33%,0.000%,0,0.00,4.36,0.09%,,,,,,
Bahia AM,FUNDO MM,ITAU,28/09/2017,,, R$ 20077.00 , R$ 20077.00 ,677,,,,,,,,,,,,,,,,,,,,,,20077.00,20099.65,20094.02,20147.20,20145.27,20042.68,19985.42,19974.72,19944.52,20082.10,20149.90,20096.22,20096.76,20077.03,20197.15,20256.74,20480.16,20469.92,20456.76,20536.97,20536.97,20561.10,20600.02,20614.85,20596.63,20707.57,20863.86,20863.86,20889.81,20937.91,20987.42,21017.76,21017.76,21051.39,21051.39,21032.76,21104.22,21213.77,21229.51,21290.88,21324.87,21376.14,21417.97,21405.97,21394.62,21461.53,21379.74,21354.39,21354.39,21285.01,21314.61,21311.13,21340.01,21362.62,21373.56,21373.56,21438.77,21446.54,21494.85,21479.06,21543.01,21645.41,21645.41,21671.75,21671.75,21672.29,21732.95,21754.49,21756.14,21830.11,21823.81,21812.39,21874.43,21865.47,21850.41,21803.99,21877.65,21978.69,22142.87,22204.64,22278.05,22330.05,22347.84,22412.33,22331.17,22513.03,22530.12,22491.20,22606.83,22699.54,22691.32,22690.44,22782.05,22757.77,22583.91,22701.85,22797.00,22808.24,22936.67,23015.57,23047.35,23040.83,23057.59,23138.12,23206.35,23206.50,23158.52,23131.17,23133.93,23232.14,23387.82,23395.08,23333.08,23337.29,23485.43,23345.59,23386.99,23386.99,23496.38,23532.00,23636.01,23616.77,23786.43,23864.45,23897.01,23858.84,23766.58,23692.39,23690.85,23632.30,23760.39,23760.39,23839.15,23884.55,23868.93,23868.93,23836.99,23836.99,23894.01,23975.49,24012.77,23970.39,23971.97,23990.72,24017.83,23978.64,24028.77,24021.71,24073.13,24032.58,24019.87,23910.48,24016.71,23973.46,23765.19,23748.87,23748.87,23847.31,23734.53,23233.81,22697.92,22169.61,22240.18,22208.38,22272.95,22313.36,22391.50,22258.33,22211.01,22263.38,22292.45,22313.33,22349.12,22415.34,22456.91,4.26%,4.211%,0.001793063,-112.78,64.49,0.08%,,,,,,
CARTEIRA A‚ÍES,A‚ïES,ITAU,01/11/2016,,, R$ 4088.28 , R$ 4088.28 ,905,3803.31,3770.36,3770.36,3741.29,3740.53,3765.32,4033.08,4033.08,3701.05,3695.86,3709.12,3722.37,3891.91,3909.13,4026.13,4026.13,4472.17,4472.17,4511.32,4326.07,4301.05,4301.05,4601.52,4538.64,4596.48,4557.45,4471.61,4358.33,4261.69,4362.78,4409.68,4302.87,4021.60,3944.08,3912.15,4047.25,4084.84,4364.97,4338.53,4321.34,4609.27,4591.96,4661.48,4494.68,4516.54,4632.61,4710.25,4875.42,4892.23,4892.34,4956.49,4934.95,5038.41,5060.26,4981.10,4874.04,4831.29,4784.37,4789.61,4739.25,4718.74,4696.83,4622.38,4782.10,4709.58,4733.26,4900.40,4619.70,4332.09,4218.27,3877.59,3899.26,3929.38,3918.41,3999.66,3970.62,4010.69,4072.76,4192.46,4250.70,4216.98,4353.83,4125.49,4125.49,4054.19,4059.86,4037.39,4100.32,4585.79,4601.76,4719.90,4663.88,4744.19,4891.28,4941.68,4923.86,4880.61,4966.81,5021.38,5156.00,5198.84,5405.33,5477.72,5591.71,5522.64,5298.83,5640.85,5442.21,5513.50,5573.79,5541.86,5274.45,5353.10,5284.57,5099.51,5230.31,5210.72,5374.81,5383.24,5408.53,5479.99,5568.82,5555.71,5548.14,5741.25,5804.07,5756.68,5781.30,5709.69,5678.89,5839.90,5909.63,5790.64,5717.48,5785.28,5798.68,5651.35,5778.39,5790.14,5854.10,5854.01,5745.58,5899.42,5958.85,6138.62,6150.61,6111.76,5998.11,5985.40,6023.28,6111.38,6270.58,6317.23,6371.63,6510.78,6672.79,6673.05,6792.42,6836.45,6927.48,6983.43,6976.13,6976.23,7116.61,7084.30,7044.12,7128.69,7247.12,7191.71,7011.89,6977.39,7207.50,6834.65,7001.66,6389.44,6146.72,6287.93,6405.16,6503.14,5231.11,4424.89,4349.49,3812.97,4183.43,4172.30,4555.57,4558.49,4903.02,4837.84,4716.06,4656.10,4746.82,4859.33,5025.50,5181.86,5362.32,7.85%,1.228%,0.00096325,-1272.03,-69.07,2.08%,,,,,,
EQUITAS SELECTION,A‚ïES,ITAU,03/03/2020,,, R$ 40000.00 , R$ 40000.00 ,70,,,,,,,,,,,,,,,,,,,,,,,,,,,,,,,,,,,,,,,,,,,,,,,,,,,,,,,,,,,,,,,,,,,,,,,,,,,,,,,,,,,,,,,,,,,,,,,,,,,,,,,,,,,,,,,,,,,,,,,,,,,,,,,,,,,,,,,,,,,,,,,,,,,,,,,,,,,,,,,,,,,,,,,,,,,,,,,,,,40000.00,40000.00,37415.80,34332.58,26594.56,22055.53,25695.09,22102.84,24664.02,25574.55,27086.17,27222.48,25613.36,24591.42,25052.35,25803.67,27066.63,27606.73,28884.86,-69.03%,0.000%,0,-2584.20,0.00,#DIV/0!,,,,,,
ABSOLUTE VERTEX FIC,FUNDO MM,ITAU,07/03/2019,,, R$ 35000.00 , R$ 35000.00 ,320,,,,,,,,,,,,,,,,,,,,,,,,,,,,,,,,,,,,,,,,,,,,,,,,,,,,,,,,,,,,,,,,,,,,,,,,,,,,,,,,,,,,,,,,,,,,,,,,,,,,,,,,,,,0.00,35000.00,35000.00,34735.85,34772.72,34843.49,35053.64,35189.58,35255.05,35251.86,35471.01,35641.38,35666.16,35684.86,35862.82,35801.99,35878.32,35861.36,35903.75,35983.67,35916.68,35881.16,35805.11,35805.89,35564.04,35901.66,35831.27,35649.57,35793.04,35833.76,35858.20,35874.25,35874.25,35874.77,35978.05,36082.25,36282.43,36598.14,36734.76,36649.92,36647.85,36682.03,36584.07,36682.60,36649.40,36730.41,36730.41,36747.61,36837.03,36845.10,36845.10,36976.39,36976.39,37045.92,37077.87,37232.29,37124.76,37157.13,37142.94,37315.09,37335.62,37388.31,37397.63,37407.58,37492.65,37521.74,37597.16,37666.81,37592.49,36959.13,37035.68,37035.68,37274.46,37269.98,36745.52,36384.80,36414.76,36522.39,36519.10,36659.64,36757.43,36960.79,37088.58,37139.91,37431.92,37286.47,37118.19,37126.62,37120.09,37171.08,4.85%,6.604%,0.003205458,-4.48,,,,,,,,
Tesouro Selic 2017 (LFT),,XP,27/02/2015,,, R$ 33412.63 , R$ -   ,1326,41623.06,41622.43,41621.63,0.00,0.00,0.00,0.00,0.00,0.00,0.00,0.00,0.00,0.00,0.00,0.00,0.00,0.00,0.00,0.00,0.00,0.00,0.00,0.00,0.00,0.00,0.00,0.00,0.00,0.00,0.00,0.00,0.00,0.00,0.00,0.00,0.00,0.00,0.00,0.00,0.00,0.00,0.00,0.00,0.00,0.00,0.00,0.00,0.00,0.00,0.00,0.00,0.00,0.00,0.00,0.00,0.00,0.00,0.00,0.00,0.00,0.00,0.00,0.00,0.00,0.00,0.00,0.00,0.00,0.00,0.00,0.00,0.00,0.00,0.00,0.00,0.00,0.00,0.00,0.00,0.00,0.00,0.00,0.00,0.00,0.00,0.00,0.00,0.00,0.00,0.00,0.00,0.00,0.00,0.00,0.00,0.00,0.00,0.00,0.00,0.00,0.00,0.00,0.00,0.00,0.00,0.00,0.00,0.00,0.00,0.00,0.00,0.00,0.00,0.00,0.00,0.00,0.00,0.00,0.00,0.00,0.00,0.00,0.00,0.00,0.00,0.00,0.00,0.00,0.00,0.00,0.00,0.00,0.00,0.00,0.00,0.00,0.00,0.00,0.00,0.00,0.00,0.00,0.00,0.00,0.00,0.00,0.00,0.00,0.00,0.00,0.00,0.00,0.00,0.00,0.00,0.00,0.00,0.00,0.00,0.00,0.00,0.00,0.00,0.00,0.00,0.00,0.00,0.00,0.00,0.00,0.00,0.00,0.00,0.00,0.00,0.00,0.00,0.00,0.00,,,,,,,,,,,,,,,,,,4.26%,0.000%,0,0.00,0.00,#DIV/0!,notional,qtde,valor,venc,contr,DU
Tesouro Prefixado 2023 (LTN),RF,XP,08/03/2017,,01/01/2023, R$ 41622.43 , R$ 41622.43 ,818,,,,41275.78,41703.24,41865.46,42460.98,42460.98,40094.23,41612.63,42147.50,42214.73,43468.61,43766.00,44166.43,44166.43,44783.14,44783.14,45124.37,45147.03,45267.59,45267.59,45267.59,44766.33,45019.15,45396.92,45144.10,44457.24,44460.17,44248.26,44832.09,44738.56,44438.25,44659.65,44801.40,44983.35,45301.93,46210.19,46319.80,46254.04,46146.62,46739.22,46789.64,46362.91,46791.10,46899.97,46899.97,47390.27,47449.46,47798.00,47941.22,47868.88,47881.30,47835.27,48020.14,47890.07,48032.56,48415.45,48406.68,48393.53,48451.98,48200.62,48305.84,48450.52,48467.33,48148.74,47776.81,47380.78,46921.16,46978.16,44835.02,45406.42,45315.09,45796.62,45704.55,45964.68,46227.00,46282.53,46507.59,47183.49,47314.28,47312.82,45914.26,45914.26,45484.61,45484.61,45567.18,46878.78,48879.44,48953.97,49877.58,49877.58,50694.50,50608.28,50711.31,51147.53,51147.53,51794.93,52473.02,52771.88,52722.92,53015.93,53225.64,53675.02,53750.29,53315.52,53775.13,53670.64,53702.79,54210.63,54352.38,54171.90,54425.45,54963.25,55014.40,54862.41,55281.83,55867.12,55995.73,56936.87,57469.55,57988.35,57786.67,58011.00,58578.02,58900.99,58859.34,59078.55,58955.79,59065.40,58832.31,59120.93,59090.24,59101.20,58949.95,59252.46,59260.50,59397.14,59397.14,60149.03,60163.64,60436.92,61189.54,61700.30,61831.83,0.00,0.00,0.00,0.00,0.00,0.00,0.00,0.00,0.00,0.00,0.00,0.00,0.00,0.00,0.00,0.00,0.00,0.00,0.00,0.00,0.00,0.00,0.00,0.00,0.00,0.00,0.00,0.00,0.00,0.00,0.00,0.00,0.00,0.00,,,,,,,,,,,,,,,,,,12.97%,0.000%,0,0.00,75.27,0.84%, R$ 41622.43 ,73.07, R$ 73070.00 ,01/01/2023,08/03/2017,1460
XP Macro FIM,FUNDO MM,XP,15/05/2017,,, R$ 50000.00 , R$ 50000.00 ,773,,,,,,,,50000.00,48312.53,48636.57,49001.35,48979.28,49782.42,50275.18,50713.42,50713.42,51546.03,51546.03,52025.06,52277.55,52333.24,52333.24,52333.24,52292.04,52402.88,53223.03,53253.28,53210.14,53223.46,53110.00,53263.48,53367.90,52588.66,52662.94,52919.77,53024.22,53200.64,53385.13,53581.00,53737.34,53737.34,54218.91,54188.45,54319.54,53874.04,53824.31,53824.31,54626.33,54626.33,54636.76,55126.43,55200.72,55278.84,55278.84,55299.51,55299.51,55141.29,55359.24,56007.62,56068.42,56084.97,55883.58,56072.67,56668.93,56476.35,56297.88,56107.59,55339.38,54932.94,54881.31,55173.64,55399.89,55346.04,55194.31,55562.38,55621.79,55621.79,55638.91,55425.84,55258.82,55285.33,55391.65,56055.91,56055.91,56073.16,56073.16,55904.82,55934.49,56302.04,56752.34,56192.99,56192.99,56459.16,56508.77,56241.43,55778.29,55778.29,55398.39,55792.08,56659.79,56688.32,56679.56,56958.49,57772.40,57772.40,57183.50,57426.45,57328.66,57331.01,57712.18,57488.30,57754.36,57724.98,57941.75,57649.02,57370.08,57187.49,57156.92,57259.84,57064.54,57432.85,57617.89,57644.95,57786.95,58712.98,59045.25,59151.57,59214.88,58992.87,58927.39,58558.06,58845.07,58898.77,58393.24,58553.60,58538.44,58610.86,58810.25,58810.25,59496.58,59701.67,59421.71,59481.39,60919.58,60711.05,60778.91,60677.26,60333.77,59765.66,59434.28,59404.53,59896.13,60140.76,60070.04,60323.39,60050.05,60050.05,60268.10,60231.50,60345.29,60521.13,60727.87,60621.71,60499.35,60762.82,60721.35,60723.55,60879.78,61042.41,60872.21,60498.81,60480.04,59987.42,60306.01,62034.83,60854.82,60965.03,60965.03,61342.27,59754.26,58648.36,56396.12,52055.81,54391.82,55022.01,55760.26,56118.18,56728.51,56207.71,56508.52,57122.23,57718.93,57879.20,58691.12,59040.61,59168.93,5.64%,10.574%,0.005966287,-1588.01,0.00,1.43%,,, R$ 31447.57 ,,,
Claritas Long Short Advisory FIC,FUNDO MM,XP,04/03/2017,,,R$ 53038.10,R$ 53038.10,820,,,,,,,,,,,,,,,,,,,,,,,,,,,,,,,,,,,,,,,,,,,,,,,,,,,,,,,,,,,,,,,,,,,,,,,,,,,,,,,,,,,,,,,,,,,,,,,,,,,,,,,,,,,,,,,,,,,,,,,,,,,,,,,,,,,,,,,,,,,,,,,,,,,,,,,,,,,,,,,,,,,,,,,,,,,,,,,,,,,53038.10,52595.05,52126.89,51735.49,50709.28,51208.52,50903.96,51006.64,50999.84,51633.19,51599.93,51611.68,51828.10,51588.23,51763.58,51753.03,52063.36,51922.12,-0.65%,0.000%,,-443.05,,,,,,,,
Claritas Institucional FIM,FUNDO MM,XP,15/05/2017,,, R$ 17000.00 , R$ 4865.00 ,773,,,,,,,,17000.00,17004.67,17120.10,17154.59,17177.61,17236.17,17259.54,17295.96,17295.96,17425.14,17425.14,17583.11,17468.38,17633.20,17633.20,17633.20,17488.72,17515.34,17684.13,17691.56,17705.58,17708.18,17705.93,17727.62,17739.07,17637.55,17642.54,17672.95,17711.29,17732.85,17803.42,17811.47,17819.43,17819.43,17840.49,17861.66,17866.17,17872.12,17882.95,17882.95,17965.86,17965.86,17972.38,18004.66,18008.95,18027.97,18036.82,18039.66,18038.73,18032.49,18039.16,18063.78,18073.63,18088.84,18089.59,18115.07,18170.60,18167.55,18162.32,18182.20,18206.46,18221.55,18227.04,18183.64,18194.37,18194.31,18211.89,18212.12,18230.88,18238.47,18261.63,18285.95,18310.14,18330.31,18348.69,18377.74,18377.74,18400.39,18400.39,18428.06,18463.14,18532.90,18541.63,18574.11,18574.11,18589.65,18628.85,18663.87,18674.73,18674.73,18665.68,18739.10,18782.14,18799.58,18861.98,18876.60,18897.54,18910.75,18897.45,18958.26,18962.34,18963.16,19027.49,19037.46,19044.03,19062.53,19137.08,19138.51,19129.31,19156.61,19194.31,19207.65,19156.21,19193.37,19245.41,19235.72,19245.24,19311.29,19346.77,19359.09,19373.81,19369.22,19379.13,19415.69,19452.97,19450.43,19424.39,19458.52,19473.80,19472.34,19497.89,19497.89,19577.78,19581.96,19607.88,19654.00,19732.47,19734.12,19745.17,19746.63,19742.09,19749.31,19767.66,19674.70,19699.85,19707.46,19713.63,19736.98,19739.81,19757.95,19772.63,7641.41,7646.17,7653.56,7656.40,7655.50,7661.44,7662.64,7668.10,7666.90,7675.99,7682.46,7680.79,7681.09,7694.66,7673.75,7690.33,7702.71,7694.27,7702.64,7716.59,7725.45,7741.37,7737.15,7767.64,7748.86,7769.38,7788.72,7783.45,7791.12,7819.65,7830.25,7834.83,7836.22,7840.66,7841.98,7851.37,7861.43,7865.33,16.95%,1.348%,0.002286089,15.92,13.21,0.11%,,,0.755543826,,,
Bitcoin,OUTROS,BTC,22/09/2017,,, R$ 16578.54 , R$ 2999.03 ,681,,,,,,,,,,,,,,,,,,,,,0.00,0.00,4925.85,5285.66,6014.58,6014.58,11656.96,13309.73,19254.62,20027.01,20027.01,20027.01,22087.24,22042.32,29580.89,29224.89,28056.62,28056.62,10065.14,10216.81,9971.17,10046.51,8238.84,6642.96,7882.42,9196.29,10465.16,9600.69,9764.20,10294.04,10285.91,10264.15,9926.72,9910.75,9359.36,9357.22,9544.85,9670.51,9405.62,9027.05,8745.20,8567.84,9359.61,10277.98,10496.14,10496.14,10496.14,10496.14,10496.14,10496.14,10496.14,10496.14,10449.32,10388.21,10188.17,10868.59,10826.05,10609.29,10820.86,10820.86,10820.86,10820.86,11138.42,12344.38,12714.88,12714.88,12714.88,12714.88,12714.88,12821.81,12778.86,12778.86,12267.33,13031.20,9106.74,7958.57,7958.57,7202.90,7951.67,7968.22,7387.84,7182.58,6900.91,6672.41,6661.92,7190.56,7862.41,7765.93,8033.53,8063.38,9769.42,10609.79,11335.24,13325.81,16575.24,16575.24,16575.24,16575.24,16575.24,16575.24,16575.24,16575.24,16575.24,16575.24,16575.24,16575.24,16575.24,16575.24,16575.24,16575.24,16575.24,16575.24,16575.24,16575.24,16575.24,16575.24,16575.24,16575.24,16575.24,14031.19,14342.46,14282.44,14325.10,15038.44,15060.87,15167.88,15332.97,14998.11,14259.02,13561.93,13149.56,13184.69,13181.09,12740.05,12463.54,12584.49,12481.35,12628.82,13119.52,12722.47,13651.02,13044.38,14150.58,13857.24,14836.40,14836.64,14836.95,14836.72,14836.33,14836.89,14838.39,14839.10,14839.61,14839.39,14838.17,14837.95,14838.35,14838.28,14838.31,14837.56,14834.18,14284.42,16227.03,16178.40,16449.70,16449.61,16449.03,16450.14,16452.23,16454.83,16454.38,16454.28,16453.35,16452.28,16453.12,16452.61,8.60%,2.602%,0.002238171,-0.76,-10.48,-3.31%,,,1.102011496,,,
LC Pernambucanas - DEZ/2019,RF,XP,01/12/2017,,02/12/2019, R$ 5000.00 , R$ 5000.00 ,634,,,,,,,,,,,,,,,,,,,,,,,,,,,,,,,,,5000.00,5001.66,5014.37,5023.69,5028.35,5047.06,5053.30,5054.87,5056.43,5061.13,5065.83,5070.53,5073.67,5079.73,5079.73,5091.87,5093.39,5096.43,5097.96,5101.00,5104.05,5105.57,5107.09,5108.62,5110.14,5116.25,5119.19,5123.61,5125.08,5132.46,5139.84,5156.13,5157.61,5163.55,5166.52,5175.44,5181.40,5182.89,5205.29,5208.29,5211.28,5215.78,5217.28,5218.78,5220.28,5227.80,5235.32,5242.85,5248.89,5256.44,5282.20,5282.20,5291.32,5292.84,5298.94,5315.73,5327.99,5329.52,5334.13,5334.13,5344.89,5354.14,5368.03,5372.67,5372.67,5395.94,5411.50,5416.18,5423.98,5434.93,5439.63,5445.90,5447.47,5455.32,5469.48,5478.94,5482.09,5501.07,5509.00,5521.71,5529.66,5550.41,5555.21,5561.61,5566.42,5572.83,5574.44,5584.08,5592.13,5598.57,5603.41,5606.64,5614.72,5622.81,5630.91,5634.16,5637.41,5639.03,5648.41,5652.92,5657.44,5660.45,5677.05,5681.58,5686.12,5690.66,5692.18,5705.08,5706.47,5713.44,5720.42,5737.21,5739.88,5741.16,5743.71,5748.81,5753.92,5761.59,5765.44,0.00,0.00,0.00,0.00,0.00,0.00,0.00,0.00,0.00,0.00,0.00,0.00,0.00,0.00,0.00,0.00,0.00,0.00,0.00,0.00,0.00,0.00,0.00,0.00,0.00,0.00,0.00,0.00,,,,,,,,,,,,,,,,,,5.83%,0.000%,0,0.00,1.57,0.12%,,1.755543826,0.102011496,,,
COE PNB PIMCO 3 anos,DERIVATIVOS,XP,30/11/2017,,08/12/2020, R$ 30000.00 , R$ 30000.00 ,635,,,,,,,,,,,,,,,,,,,,,,,,,,,,,,,,,30000.00,30000.00,30000.00,30000.00,30000.00,30000.00,30000.00,30000.00,30000.00,30000.00,30000.00,30000.00,30000.00,30000.00,30000.00,30000.00,30000.00,30000.00,30000.00,30000.00,30000.00,30000.00,30000.00,30000.00,30000.00,30000.00,30000.00,30000.00,30000.00,30000.00,30000.00,30000.00,30000.00,30000.00,30000.00,30000.00,30000.00,30000.00,30000.00,30000.00,30000.00,30000.00,30000.00,30000.00,30000.00,30000.00,30000.00,30000.00,30000.00,30000.00,30000.00,30000.00,30000.00,30000.00,30000.00,30000.00,30000.00,30000.00,30000.00,30000.00,30000.00,30000.00,30000.00,30000.00,30000.00,30000.00,30000.00,30000.00,30000.00,30000.00,30000.00,30000.00,30000.00,30000.00,30000.00,30000.00,30000.00,30000.00,30000.00,30000.00,30000.00,30000.00,30000.00,30000.00,30000.00,30000.00,30000.00,30000.00,30098.17,30785.39,30589.04,30687.21,30883.56,30785.39,30785.39,30785.39,30785.39,30785.39,30490.87,30294.52,30000.00,30000.00,30000.00,30000.00,30000.00,30000.00,30000.00,30000.00,30000.00,30000.00,30000.00,30000.00,30000.00,30000.00,30196.35,30196.35,30196.35,30098.17,30098.17,30294.52,30196.35,30392.69,30589.04,30883.56,30981.74,31079.91,31079.91,31079.91,31374.43,31472.60,31472.60,31668.95,31865.30,31865.30,31865.30,31963.47,31963.47,31963.47,31767.12,31963.47,32159.82,32159.82,32159.82,31570.78,30981.74,30981.74,30981.74,30687.21,30000.00,30000.00,30000.00,30000.00,30000.00,30000.00,30000.00,30000.00,30000.00,30000.00,30000.00,30000.00,30000.00,30000.00,30000.00,30000.00,0.00%,5.639%,0,-294.53,0.00,0.00%,,0.755543826,,,,
CANVAS ENDURO III,FUNDO MM,XP,01/03/2018,,, R$ 20000.00 , R$ 20000.00 ,574,,,,,,,,,,,,,,,,,,,,,,,,,,,,,,,,,,,,,,,,,,,,,,,,,20000.00,20000.00,20052.84,20046.37,20073.11,20073.11,20092.18,20092.18,20073.22,20093.54,20117.76,20052.97,20052.97,20011.54,20048.39,20166.50,20080.30,19951.84,19763.37,19691.70,19694.20,19645.84,19366.22,19461.27,19429.65,19514.67,19499.00,19568.64,19568.64,19658.97,19726.88,19844.95,19924.80,19933.63,19750.39,19750.39,19382.32,19382.32,19404.78,19698.81,20246.80,20118.21,20353.12,20353.12,20351.68,20566.84,20467.34,20433.09,20433.09,20461.03,20529.04,21051.56,21241.68,21276.43,21393.78,21675.95,21675.95,21405.34,21560.72,21559.27,21421.61,21377.77,21340.14,21298.32,21273.73,21667.83,21631.72,21430.70,21483.52,21729.78,21729.78,21743.93,21839.93,21987.37,22091.80,22159.66,22477.97,22611.44,22637.09,22621.84,22621.93,22582.56,22362.46,22563.81,22457.70,22257.13,22305.92,22318.65,22324.95,22390.70,22390.70,22357.59,22411.98,22420.67,22392.46,22810.54,22837.59,22926.34,22975.11,22702.72,22550.53,22558.86,22450.71,22643.18,22726.43,22760.38,22911.44,22843.69,22891.24,22808.31,22808.31,22869.49,23022.93,23051.33,22905.41,22915.22,22939.79,22885.78,22890.07,22915.70,22995.54,22932.91,22802.00,22845.04,22706.97,22886.91,22740.07,22135.37,22044.73,22076.72,22076.72,21698.69,21241.05,20869.80,19804.51,21048.37,20846.69,21144.82,21470.99,22324.85,21682.68,21641.96,21474.65,21827.26,22031.40,22311.43,22469.66,22652.49,5.62%,4.013%,0.00225516,-378.03,0.00,1.32%,,,,,,
CANVAS VECTOR FIC FIM,FUNDO MM,XP,04/03/2020,,, R$ 50000.00 , R$ 50000.00 ,69,,,,,,,,,,,,,,,,,,,,,,,,,,,,,,,,,,,,,,,,,,,,,,,,,,,,,,,,,,,,,,,,,,,,,,,,,,,,,,,,,,,,,,,,,,,,,,,,,,,,,,,,,,,,,,,,,,,,,,,,,,,,,,,,,,,,,,,,,,,,,,,,,,,,,,,,,,,,,,,,,,,,,,,,,,,,,,,,,,,50000.00,49406.21,48344.75,46086.85,44103.83,43909.50,43743.88,43756.89,44563.52,44150.27,45194.11,44656.81,44867.05,45891.13,46580.20,46819.23,46932.62,46986.34,-20.31%,0.000%,,-593.79,,,,,,,,
SPARTA TOP FIC FI RF,FUNDO RF,XP,01/03/2018,,, R$ 60000.00 , R$ 60000.00 ,574,,,,,,,,,,,,,,,,,,,,,,,,,,,,,,,,,,,,,,,,,,,,,,,,,60000.00,60017.25,60036.24,60050.93,60106.80,60124.24,60140.81,60157.57,60190.57,60257.26,60283.80,60335.63,60358.10,60437.71,60491.04,60691.84,60711.09,60759.24,60807.32,60906.81,60955.97,60967.07,61078.29,61103.39,61132.30,61181.29,61193.54,61209.22,61209.22,61312.63,61389.17,61475.71,61539.12,61620.91,61927.28,61927.28,62024.19,62024.19,62109.68,62277.35,62427.18,62443.67,62499.60,62499.60,62631.79,62742.16,62891.53,62947.31,62947.31,62853.51,63033.77,63107.64,63197.91,63325.35,63355.08,63438.96,63438.96,63544.71,63702.41,63811.43,63843.79,64060.11,64145.93,64281.75,64370.44,64584.53,64632.16,64697.05,64742.69,64804.32,64818.64,64595.73,64674.28,64723.14,64784.71,64795.10,64918.76,64998.58,65090.35,65119.20,65153.95,65171.09,65238.75,65284.09,65321.05,65349.30,65505.59,65547.83,65586.84,65628.16,65628.16,65755.47,65798.93,65857.59,65899.05,65940.64,65936.15,65932.50,65952.44,65947.50,65953.97,65988.46,65781.38,65826.01,65843.29,65873.35,65937.46,65961.27,65961.27,65990.19,65998.55,66028.08,66058.03,66088.57,66108.13,0.00,0.00,0.00,0.00,0.00,0.00,0.00,0.00,0.00,0.00,0.00,0.00,0.00,0.00,0.00,0.00,0.00,,,,,,,,,,,,,,,,,4.35%,0.000%,0,0.00,0.00,0.13%,,,,,,
DLM Premium 30 FIRF CP LP,FUNDO RF,XP,06/03/2019,,, R$ 37518.48 , R$ 37518.48 ,321,,,,,,,,,,,,,,,,,,,,,,,,,,,,,,,,,,,,,,,,,,,,,,,,,,,,,,,,,,,,,,,,,,,,,,,,,,,,,,,,,,,,,,,,,,,,,,,,,,,,,,,,,,0.00,0.00,37518.48,37527.26,37647.69,37700.87,37779.20,37836.32,37965.48,37995.03,38030.69,38059.60,38097.66,38106.02,38071.00,38119.91,38155.89,38184.71,38193.76,38265.34,38312.28,38358.74,38374.54,38398.25,38406.00,38454.98,38486.34,38508.17,38524.21,38622.91,38648.21,38670.06,38696.46,38696.46,38779.54,38804.88,38839.20,38859.44,38842.25,38825.63,38819.66,38818.19,38800.33,38787.69,38804.35,38685.27,38709.17,38718.92,38737.75,38755.70,38765.59,38768.85,38775.79,38781.52,38797.17,38819.20,38827.16,38839.63,38860.43,38864.58,38887.85,38892.96,38918.15,38933.84,38941.75,38971.13,39007.31,39007.42,39039.94,39069.48,39080.11,39081.50,39092.89,39096.88,39109.41,39066.70,39035.05,38719.17,37928.44,36798.30,36532.91,36466.40,36548.92,0.00,0.00,0.00,0.00,0.00,0.00,0.00,0.00,-2.03%,6.845%,-0.0013926,12.53,,,,,,,,
Dahlia Total Return FIC FIM,FUNDO A‚ÍES,XP,06/03/2019,,, R$ 37518.48 , R$ 37518.48 ,321,,,,,,,,,,,,,,,,,,,,,,,,,,,,,,,,,,,,,,,,,,,,,,,,,,,,,,,,,,,,,,,,,,,,,,,,,,,,,,,,,,,,,,,,,,,,,,,,,,,,,,,,,,0.00,0.00,37518.48,37518.48,37644.03,38049.02,37765.58,37671.84,38294.77,37828.16,37555.57,37677.24,38053.36,38204.93,38830.73,39031.70,39425.03,39359.34,39516.01,40712.35,41015.64,40729.27,40741.48,40480.72,40654.84,41055.05,42044.65,41792.83,40938.70,41461.87,41300.01,41179.68,41295.11,41295.11,41779.77,41759.85,41588.90,41712.30,42654.78,43014.11,43237.53,43005.56,43344.21,43272.68,43566.70,43921.31,44451.28,44653.27,44676.26,45700.85,45515.48,46006.60,46297.27,46514.41,46797.05,47001.51,47678.82,47564.19,47591.17,48028.20,48034.12,48174.53,48776.25,49125.31,48771.76,48362.86,48679.90,46998.82,48258.58,48537.41,45258.62,45356.48,46158.34,46020.53,44502.55,43674.42,41528.77,37577.25,39417.38,38586.52,40121.84,40408.46,43314.39,43448.91,43498.01,43155.92,43836.91,44260.58,44915.58,45130.92,45414.78,16.18%,8.462%,0.013688463,-1517.98,,,,,,,,
XP Referenciado FI Referenciado,FUNDO RF,XP,11/12/2019,,, R$ 18108.39 , R$ 13938.39 ,125,,,,,,,,,,,,,,,,,,,,,,,,,,,,,,,,,,,,,,,,,,,,,,,,,,,,,,,,,,,,,,,,,,,,,,,,,,,,,,,,,,,,,,,,,,,,,,,,,,,,,,,,,,,,,,,,,,,,,,,,,,,,,,,,,,,,,,,,,,,,,,,,,,,,,,,,,,18108.39,18115.15,18122.73,13955.04,0.00,0.00,0.00,0.00,0.00,0.00,0.00,0.00,0.00,0.00,0.00,0.00,0.00,0.00,0.00,0.00,0.00,0.00,0.00,0.00,0.00,0.00,,,,,,,,,,,,,,,,,,0.24%,0.000%,0,0.00,,,,,,,,
XP Referenciado FI Referenciado DI CP,FUNDO RF,XP,26/12/2019,,,R$ 5045.17,R$ 5045.17,115,,,,,,,,,,,,,,,,,,,,,,,,,,,,,,,,,,,,,,,,,,,,,,,,,,,,,,,,,,,,,,,,,,,,,,,,,,,,,,,,,,,,,,,,,,,,,,,,,,,,,,,,,,,,,,,,,,,,,,,,,,,,,,,,,,,,,,,,,,,,,,,,,,,,,,,,,,,,,,,,5046.11,0.00,0.00,0.00,0.00,0.00,0.00,0.00,0.00,0.00,0.00,0.00,0.00,0.00,0.00,0.00,0.00,0.00,0.00,0.00,,,,,,,,,,,,,,,,,,0.04%,0.000%,0,0.00,,,,,,,,
Kinea Chronos FIM,FUNDO MM,XP,27/12/2019,,,R$ 5045.17,R$ 5045.17,114,,,,,,,,,,,,,,,,,,,,,,,,,,,,,,,,,,,,,,,,,,,,,,,,,,,,,,,,,,,,,,,,,,,,,,,,,,,,,,,,,,,,,,,,,,,,,,,,,,,,,,,,,,,,,,,,,,,,,,,,,,,,,,,,,,,,,,,,,,,,,,,,,,,,,,,,,,,,,,,,0.00,5056.15,5067.92,5065.49,5077.36,5078.05,5089.99,5083.95,5098.63,5116.47,5103.32,5101.84,5101.28,5082.27,5104.92,5099.09,5013.69,5005.55,5040.50,5035.75,4950.92,4875.39,4833.20,4763.01,4829.20,4831.39,4865.26,4873.11,4911.62,4898.10,4900.33,4900.99,4913.88,4915.95,4918.32,4929.47,4937.19,-4.67%,0.895%,-0.000417997,-84.83,,,,,,,,
Constellation Inst RV,FUNDO A‚ÍES,XP,01/03/2018,,,R$ 11094.61,R$ 31094.61,574,,,,,,,,,,,,,,,,,,,,,,,,,,,,,,,,,,,,,,,11094.61,11094.61,11094.61,11098.56,11388.75,11074.62,11076.74,11119.23,11119.23,11457.85,31345.74,31425.31,31514.56,31464.45,32109.72,32303.40,32144.51,32144.51,31575.63,31571.14,31462.63,31389.67,31901.31,31605.61,31265.50,31543.20,31543.20,30522.53,30766.21,29584.29,29359.72,29343.16,26180.63,26885.64,26617.93,27221.64,26635.84,27281.61,27281.61,27695.57,28695.84,29063.95,29339.66,29277.83,28214.32,28214.32,27346.16,27346.16,26980.18,28537.10,29928.13,29563.74,30655.58,30655.58,30821.66,32603.02,32772.20,32546.42,32546.42,33231.19,33665.20,34589.16,34983.85,35634.07,36723.92,37421.48,37421.48,36566.59,37070.46,36898.20,36580.41,36592.18,37290.94,36520.47,36389.96,37391.55,36388.15,36526.94,37396.95,38392.32,38819.84,39342.63,39704.15,41094.34,40288.96,40560.24,42665.44,42761.05,42724.63,42758.99,42505.23,42776.43,42648.76,45101.83,45110.96,43424.50,44776.97,44642.98,43476.10,44572.81,44572.81,44865.77,45171.15,44719.63,44971.47,45787.38,46260.37,46628.31,46051.01,46867.22,46665.91,46782.34,47439.76,48362.50,48842.57,48321.36,49594.46,49508.28,49386.92,50270.83,50608.98,50899.38,50806.87,52269.67,51753.51,52028.15,52621.12,52454.12,52587.55,53448.84,54679.25,54215.90,53790.42,53939.45,52507.03,53740.06,54342.77,49127.27,49432.54,50897.38,50538.37,46812.41,41968.70,40132.60,31291.26,35642.74,32701.66,36121.71,36940.59,40647.27,40526.34,39934.27,38884.15,40551.99,41324.06,42234.94,43508.33,44303.29,16.82%,9.423%,0.01584463,-3725.96,0.00,1.90%,,,,,,
Equitas Selection FIC FIA,FUNDO A‚ÍES,XP,06/11/2019,,,R$ 10500.00,R$ 10500.00,149,,,,,,,,,,,,,,,,,,,,,,,,,,,,,,,,,,,,,,,,,,,,,,,,,,,,,,,,,,,,,,,,,,,,,,,,,,,,,,,,,,,,,,,,,,,,,,,,,,,,,,,,,,,,,,,,,,,,,,,,,,,,,,,,,,,,,,,,,,,,,,,,,,,10500.00,10318.56,10043.83,10132.62,10287.39,1053
